title,santence
Title 1,Persahabatan adalah salah satu harta yang paling berharga dalam hidup.
Title 2,Kegiatan sosial dapat mempererat hubungan antarindividu.
Title 3,Buku adalah jendela dunia yang membawa kita ke tempat yang tak terbayangkan.
Title 4,Menjaga komunikasi yang baik dalam hubungan sangatlah penting.
Title 5,Seni adalah ekspresi kreativitas manusia yang tak terbatas.
Title 6,Masyarakat yang peduli akan lingkungan lebih baik untuk masa depan.
Title 7,Lingkungan yang bersih dan sehat sangat penting bagi kesejahteraan kita.
Title 8,Ketekunan adalah kunci untuk mengatasi rintangan dalam hidup.
Title 9,Menjaga komunikasi yang baik dalam hubungan sangatlah penting.
Title 10,Belajar bahasa baru adalah pengalaman yang menarik dan menantang.
Title 11,Inklusi sosial adalah langkah menuju masyarakat yang lebih adil.
Title 12,Internet telah mengubah cara kita mengakses informasi dan berinteraksi.
Title 13,Kreativitas dapat ditemukan di berbagai aspek kehidupan sehari-hari.
Title 14,Buku adalah jendela dunia yang membawa kita ke tempat yang tak terbayangkan.
Title 15,Kepemimpinan yang baik dapat menginspirasi orang untuk mencapai tujuan bersama.
Title 16,Teknologi ramah lingkungan penting untuk menjaga bumi kita.
Title 17,Perubahan iklim adalah tantangan global yang perlu ditangani segera.
Title 18,Menjaga komunikasi yang baik dalam hubungan sangatlah penting.
Title 19,Internet telah mengubah cara kita mengakses informasi dan berinteraksi.
Title 20,Teknologi ramah lingkungan penting untuk menjaga bumi kita.
Title 21,Kreativitas dapat ditemukan di berbagai aspek kehidupan sehari-hari.
Title 22,Keberagaman adalah kekayaan yang harus kita syukuri dan lestarikan.
Title 23,Kemandirian adalah nilai penting dalam mencapai kesuksesan.
Title 24,Musik memiliki kekuatan untuk menyatukan orang-orang dari berbagai latar belakang.
Title 25,Seni adalah ekspresi kreativitas manusia yang tak terbatas.
Title 26,Makanan tradisional mencerminkan budaya dan sejarah suatu daerah.
Title 27,Menjaga kesehatan mental sama pentingnya dengan kesehatan fisik.
Title 28,Buku adalah jendela dunia yang membawa kita ke tempat yang tak terbayangkan.
Title 29,Ketekunan adalah kunci untuk mengatasi rintangan dalam hidup.
Title 30,Keberagaman adalah kekayaan yang harus kita syukuri dan lestarikan.
